{"cameraMode":{"drawMode":0,"name":"Shaded","section":"Shading Mode"},"sceneLighting":true,"audioPlay":false,"sceneViewState":{"m_AlwaysRefresh":false,"showFog":true,"showSkybox":true,"showFlares":true,"showImageEffects":true,"showParticleSystems":true,"showVisualEffectGraphs":true,"m_FxEnabled":true},"in2DMode":false,"pivot":{"x":-108.09805297851563,"y":-0.06709182262420654,"z":7.100124835968018},"rotation":{"x":-0.3606652021408081,"y":0.01006846223026514,"z":-0.003896814538165927,"w":-0.9326417446136475},"size":4.941847324371338,"orthographic":false}