{"cameraMode":{"drawMode":0,"name":"Shaded","section":"Shading Mode"},"sceneLighting":false,"audioPlay":false,"sceneViewState":{"m_AlwaysRefresh":false,"showFog":true,"showSkybox":false,"showFlares":true,"showImageEffects":true,"showParticleSystems":true,"showVisualEffectGraphs":true,"m_FxEnabled":true},"in2DMode":false,"pivot":{"x":-0.011495113372802735,"y":0.031053543090820314,"z":0.011216521263122559},"rotation":{"x":-0.0065594632178545,"y":0.9836433529853821,"z":-0.17626026272773744,"w":-0.03660736605525017},"size":0.8660253882408142,"orthographic":false}